job_title,city,country,salary_annual
Data Engineer (m/w/d) - befristet,Wien,Austria,64534
BI Analyst/Data Scientist für Produkt & Marketing (m/w/d),Wien,Austria,52136
Senior AI Developer / Data Scientist (w/m/d),Wien,Austria,38038
Senior Data Scientist (all genders),Wien,Austria,55177
Internship Data Science - Compliance Advanced Analytics (all genders),Wien,Austria,40685
Werkstudentin (w/m/d) Data Engineer Junior,Wien,Austria,42314
Data Engineer (d/m/w),Wien,Austria,55300
Senior Data Engineer (w/m/d),Wien,Austria,68671
"Plattform Engineer - Data, IoT und KI (w/m/d)",Wien,Austria,44450
FH-Praktikum Data Engineer/Schwerpunkt Datawarehouse,Wien,Austria,31500
Data Engineer (w/m/d),Wien,Austria,63200
Data Engineer (m/w/d),Wien,Austria,53802
Senior Data Engineer:in / Power BI Reporting Engineer:in (m/w/d),Wien,Austria,63000
Data Engineer (w/m/d) - Schwerpunkt Controlling,Wien,Austria,59982
BI Spezialist:in (Fokus Data Engineering) (m/w/x),Wien,Austria,50500
SQL-Datenbankadministrator (m/w/d) - Data Base Engineer SQL,Wien,Austria,55000
IT Data Analyst (m/w/d) marktführendes Logistik-Unternehmen,Wien,Austria,50500
Praktikum Künstliche Intelligenz und ML/LLM Engineering,Wien,Austria,34510
Umwelttechniker:in | Tiefbautechniker:in Projektmitarbeiter:in Wasserwirtschaft (m/w/d),Wien,Austria,37044
Associate Principal Scientist,Wien,Austria,keine Angabe
